timestamp,open,high,low,close,volume,close_time,quote_asset_volume,number_of_trades,taker_buy_base_asset_volume,taker_buy_quote_asset_volume,ignore
2023-10-31,2.877,2.9999,1.9,2.278,60315914.4,1698796799999,136711996.44880000,483038,28547797.50000000,64881532.82649000,0
2023-11-01,2.2776,2.667,2.13,2.5488,54152556.2,1698883199999,129121088.46107000,478232,27357969.30000000,65345262.03178000,0
2023-11-02,2.5489,2.8659,2.2666,2.3988,36269641.8,1698969599999,93187236.68611000,351718,16981903.60000000,43682408.76685000,0
2023-11-03,2.3999,2.4861,2.213,2.3907,20681916.5,1699055999999,48292410.82677000,194891,9983458.50000000,23340848.50753000,0
2023-11-04,2.3905,2.4988,2.3447,2.4318,10734363.5,1699142399999,26028511.20815000,119642,5092456.90000000,12355939.61901000,0
2023-11-05,2.4318,2.478,2.2439,2.309,8855388.0,1699228799999,20792631.34044000,95202,4160579.30000000,9782499.69328000,0
2023-11-06,2.3098,2.395,2.25,2.3652,7231414.1,1699315199999,16768525.23235000,74664,3546309.20000000,8227953.56841000,0
2023-11-07,2.365,2.4549,2.223,2.3368,12464474.3,1699401599999,29172572.36476000,125758,6138152.20000000,14387342.32876000,0
2023-11-08,2.3393,2.41,2.2924,2.3693,7486262.2,1699487999999,17650680.71787000,74835,3665567.70000000,8651031.13386000,0
2023-11-09,2.3691,2.6503,2.25,2.457,23581365.6,1699574399999,58266325.80195000,204000,11676679.00000000,28874367.59481000,0
2023-11-10,2.4555,3.3089,2.359,3.1801,32773569.9,1699660799999,91963594.03725000,339839,17225762.20000000,48356682.60748000,0
2023-11-11,3.1802,4.26,3.1168,3.9719,60146095.9,1699747199999,222655701.06303000,758083,30542961.20000000,113204189.49036000,0
2023-11-12,3.9736,4.84,3.7,4.6191,37567966.7,1699833599999,161478781.76084000,603269,19315786.20000000,83165040.40395000,0
2023-11-13,4.6192,5.979,4.3588,4.3692,50057115.4,1699919999999,262981501.78044000,909962,25366287.00000000,133510594.96602000,0
2023-11-14,4.3694,6.383,4.21,5.9825,45240886.6,1700006399999,250405486.52262000,775358,23007214.40000000,127530886.50290000,0
2023-11-15,5.9826,6.54,5.7265,5.8514,27739818.0,1700092799999,169203462.32812000,490061,13883283.00000000,84795396.32697000,0
2023-11-16,5.8521,6.38,5.4329,5.7535,18841119.8,1700179199999,111449020.43911000,383951,9220756.30000000,54593065.00653000,0
2023-11-17,5.7463,7.0983,5.699,7.0601,29262424.9,1700265599999,184389705.33755000,609575,15185175.40000000,95763082.06033000,0
2023-11-18,7.0538,7.42,6.4,7.1434,24453482.3,1700351999999,167302902.35634000,532508,12270737.50000000,84063477.30007000,0
2023-11-19,7.1454,7.389,6.5885,6.7966,14007958.2,1700438399999,97889639.31373000,322438,7017399.40000000,49028975.99289000,0
2023-11-20,6.7989,7.0543,5.9,5.97,17489279.1,1700524799999,115182452.53249000,384711,8622371.80000000,56896531.79201000,0
2023-11-21,5.9687,6.148,5.003,5.0193,25939881.3,1700611199999,144129172.58579000,524122,12556298.70000000,69789519.22515000,0
2023-11-22,5.0255,6.3241,5.0166,6.1065,18576364.7,1700697599999,107097674.86383000,352114,9266772.30000000,53465365.56945000,0
2023-11-23,6.109,6.35,5.6238,5.6378,8042601.8,1700783999999,47908656.19347000,168716,3779695.30000000,22543404.35945000,0
2023-11-24,5.6422,5.835,5.4002,5.5203,10500632.9,1700870399999,58573264.70158000,220326,5203115.80000000,29030819.02693000,0
2023-11-25,5.5192,5.98,5.4653,5.9445,7110087.6,1700956799999,40416403.20578000,162825,3626424.50000000,20624774.90556000,0
2023-11-26,5.9462,5.9579,5.3392,5.4366,6076456.3,1701043199999,34106567.63683000,125362,2848396.80000000,15978808.50107000,0
2023-11-27,5.4376,5.9248,5.131,5.881,10509548.3,1701129599999,58145498.92008000,206768,5427644.60000000,30060849.93409000,0
2023-11-28,5.8825,6.49,5.4947,6.2376,12958921.9,1701215999999,78761744.51403000,294442,6531306.40000000,39683199.02842000,0
2023-11-29,6.2376,6.6948,5.9776,6.0177,7818568.9,1701302399999,49085374.39075000,176718,3903333.60000000,24531403.90795000,0
2023-11-30,6.0156,6.5,5.9242,6.3928,6300462.5,1701388799999,39489289.53523000,140751,3198981.50000000,20062276.38485000,0
2023-12-01,6.3921,7.276,6.27,7.0914,10805294.5,1701475199999,75155954.64611000,276414,5451112.70000000,37917484.31685000,0
2023-12-02,7.091,9.22,7.0376,8.8545,19708308.4,1701561599999,163269280.92218000,484162,10208581.20000000,84554492.09958000,0
2023-12-03,8.8589,9.3158,8.0355,8.5899,12439198.2,1701647999999,107176782.48046000,323423,6219690.00000000,53647555.05206000,0
2023-12-04,8.5895,9.8498,8.01,8.9464,18293039.8,1701734399999,164849866.25558000,514347,9099204.90000000,82097532.07296000,0
2023-12-05,8.9455,10.5,8.31,10.1463,16621677.6,1701820799999,152458219.56687000,463460,8263532.50000000,75912854.23347000,0
2023-12-06,10.1484,11.5,9.224,9.6156,22341825.5,1701907199999,230037917.51914000,710163,11190078.40000000,115199006.92232000,0
2023-12-07,9.621,10.45,9.3814,9.5005,11043838.8,1701993599999,109392846.90359000,362539,5616740.30000000,55707198.17082000,0
2023-12-08,9.5018,9.958,8.8,9.2798,11035463.5,1702079999999,103740557.70914000,330714,5280278.50000000,49656286.23580000,0
2023-12-09,9.2834,10.2187,9.2,9.3198,10960031.4,1702166399999,105832770.44861000,418898,5554921.50000000,53698572.08439000,0
2023-12-10,9.3197,9.92,9.02,9.8297,5400652.8,1702252799999,51125198.66656000,181660,2737161.60000000,25926052.79666000,0
2023-12-11,9.8265,11.0716,8.663,10.8108,18768031.5,1702339199999,189638061.98974000,602376,9424296.60000000,95434535.72259000,0
2023-12-12,10.8093,13.12,10.746,12.0767,21252690.5,1702425599999,257905594.99966000,738211,10198388.20000000,123644794.80034000,0
2023-12-13,12.0753,12.8832,10.8,12.1327,12793959.3,1702511999999,151136011.41213000,481733,6392250.80000000,75536604.35946000,0
2023-12-14,12.1328,14.786,11.9262,13.922,13413495.4,1702598399999,179942496.82764000,542149,6873521.40000000,92283623.64719000,0
2023-12-15,13.9228,14.5,12.8836,13.0961,8707357.6,1702684799999,118807291.75418000,421764,4367695.80000000,59615082.44551000,0
2023-12-16,13.0961,14.8977,12.7,13.1123,9047146.2,1702771199999,124010014.01630000,404067,4570708.10000000,62715720.62509000,0
2023-12-17,13.1073,14.22,12.6132,12.709,7800347.5,1702857599999,104241374.34286000,422703,3813023.60000000,50969949.83469000,0
2023-12-18,12.7104,13.0566,10.9548,12.8996,11951702.3,1702943999999,143258935.95191000,594229,6104107.00000000,73294286.26067000,0
2023-12-19,12.9135,13.5,11.552,11.7295,8118943.3,1703030399999,101928723.50235000,354193,4005351.40000000,50302592.27223000,0
2023-12-20,11.7368,13.7285,11.62,13.0,10323970.9,1703116799999,133495133.19191000,434359,5243667.00000000,67824594.86022000,0
2023-12-21,13.0,13.1389,12.1005,12.875,7606479.5,1703203199999,95573474.47396000,312256,3712813.50000000,46668677.28026000,0
2023-12-22,12.8697,13.3277,11.9,12.403,5592690.0,1703289599999,69540295.97739000,233853,2643762.60000000,32884166.83221000,0
2023-12-23,12.403,12.4295,11.6422,12.282,3592265.3,1703375999999,43609014.09192000,140523,1691022.20000000,20538642.86443000,0
2023-12-24,12.2771,15.2747,11.9653,14.1393,12762902.0,1703462399999,175567076.72687000,564167,6249495.20000000,86014754.53847000,0
2023-12-25,14.1393,14.74,13.488,13.7292,6837752.4,1703548799999,96268799.98652000,296302,3321967.50000000,46812391.98850000,0
2023-12-26,13.728,13.9587,11.7527,12.7038,6801473.4,1703635199999,88859889.13021000,287651,3554751.80000000,46461259.45464000,0
2023-12-27,12.7039,13.0763,12.0046,12.6635,4842557.0,1703721599999,60503032.69378000,214728,2498787.90000000,31214879.38164000,0
2023-12-28,12.6635,13.1962,11.6343,11.8328,4570808.1,1703807999999,55690428.82943000,176604,2158537.80000000,26330644.88272000,0
2023-12-29,11.8355,12.8607,11.4,12.3753,5380934.6,1703894399999,65606697.17743000,206495,2537396.80000000,30956440.69009000,0
2023-12-30,12.371,12.65,11.6091,11.8936,2577461.5,1703980799999,31167308.14382000,101987,1272007.90000000,15386216.62743000,0
2023-12-31,11.9006,12.6,11.5201,11.8794,3464568.1,1704067199999,42257636.84419000,130453,1657480.90000000,20231234.39184000,0
2024-01-01,11.8794,14.0,11.6576,13.9957,5296946.8,1704153599999,68175132.60300000,226191,2773350.80000000,35728693.31990000,0
2024-01-02,13.9907,14.2129,12.494,12.7892,7175984.3,1704239999999,96021133.04775000,319249,3487277.50000000,46687528.05886000,0
2024-01-03,12.7873,13.2242,9.36,12.1958,9242073.0,1704326399999,112302920.61590000,411442,4312066.70000000,52506823.72904000,0
2024-01-04,12.1895,16.8135,11.9152,15.6324,17937146.6,1704412799999,264154773.95795000,812318,9288130.90000000,136763836.19623000,0
2024-01-05,15.6202,17.2987,14.5,15.5971,14531517.2,1704499199999,230312548.60159000,765299,7121445.30000000,113051506.09589000,0
2024-01-06,15.6035,16.4376,14.0,14.3319,7926242.0,1704585599999,118916955.68114000,360858,3884811.50000000,58395986.90564000,0
2024-01-07,14.331,15.45,13.9532,14.3116,6406675.3,1704671999999,94766424.87188000,310349,3126052.80000000,46262594.03511000,0
2024-01-08,14.32,14.359,12.4928,14.2152,10635086.9,1704758399999,143106991.46615000,495070,5203736.90000000,70091281.25265000,0
2024-01-09,14.2153,16.6463,14.0904,14.9326,11773197.5,1704844799999,184221321.31566000,633028,5747252.80000000,90015327.11072000,0
2024-01-10,14.9252,16.87,14.1,16.3017,8614013.5,1704931199999,130912755.49750000,472432,4181264.90000000,63616532.21276000,0
2024-01-11,16.3098,17.4,15.3023,15.9945,8032100.0,1705017599999,131348803.75656000,399748,3900191.30000000,63841311.30911000,0
2024-01-12,15.9884,17.2639,15.381,16.3862,7451149.3,1705103999999,121106709.11395000,354970,3659280.70000000,59527214.02270000,0
2024-01-13,16.386,18.5148,15.48,18.4983,9235571.2,1705190399999,159281744.74639000,406592,4667522.20000000,80635563.51499000,0
2024-01-14,18.4903,19.9,17.9066,18.0582,7645631.7,1705276799999,144359213.14755000,387911,3852848.80000000,72787267.68954000,0
2024-01-15,18.0583,20.3963,18.0551,19.0027,8073848.5,1705363199999,156563157.19980000,416286,4119570.10000000,79899679.26830000,0
2024-01-16,19.0074,19.7,18.6776,18.8075,4426475.3,1705449599999,84725426.04826000,209041,2134274.60000000,40899013.41182000,0
2024-01-17,18.8054,19.2246,17.8261,18.1379,3448731.4,1705535999999,63358791.63832000,182761,1639707.40000000,30137266.17889000,0
2024-01-18,18.135,18.55,16.72,16.9238,4140331.3,1705622399999,72933578.19269000,210119,1973813.30000000,34802023.91062000,0
2024-01-19,16.9241,18.5234,16.3576,17.8672,7149751.9,1705708799999,125589401.45052000,347232,3593116.60000000,63189758.07022000,0
2024-01-20,17.8687,17.8733,17.0165,17.6715,2181982.9,1705795199999,37976724.39130000,104981,1096340.00000000,19092280.84006000,0
2024-01-21,17.6758,17.75,16.8,16.8627,1515866.4,1705881599999,26209713.52117000,79140,704247.70000000,12184359.85658000,0
2024-01-22,16.8593,17.1832,15.15,15.245,4950060.4,1705967999999,79608182.50882000,219193,2315551.70000000,37295821.78469000,0
2024-01-23,15.248,16.5143,13.87,16.4616,6252035.4,1706054399999,93768979.99380000,309746,3079931.00000000,46335443.14748000,0
2024-01-24,16.4647,17.0,15.6956,16.3615,4814135.8,1706140799999,78734326.48199000,237092,2325399.20000000,38079692.88830000,0
2024-01-25,16.369,16.387,14.8239,15.1528,2961564.9,1706227199999,46036465.19467000,144318,1433051.90000000,22301900.47577000,0
2024-01-26,15.1544,16.9,15.0385,16.5206,3488502.3,1706313599999,56720564.94408000,370592,1809819.80000000,29408462.02716000,0
2024-01-27,16.5203,17.4879,16.4628,17.0558,2668889.8,1706399999999,45172039.82291000,279941,1349739.30000000,22859125.41984000,0
2024-01-28,17.0564,17.6316,16.6881,17.0247,2539022.1,1706486399999,43588059.36184000,291271,1261262.70000000,21674290.65950000,0
2024-01-29,17.0252,18.1496,16.8901,17.9402,3453766.5,1706572799999,60931504.89912000,344798,1747268.10000000,30850204.11569000,0
2024-01-30,17.9416,18.5381,17.484,17.8616,2852027.5,1706659199999,51625092.14893000,309912,1446180.60000000,26190769.27990000,0
2024-01-31,17.8602,17.9668,15.9,16.2117,4622794.5,1706745599999,78247966.10712000,425614,2311796.10000000,39170472.12272000,0
2024-02-01,16.2092,17.2859,15.6,16.9227,4148432.3,1706831999999,68336490.71678000,347801,2119307.50000000,34917095.90207000,0
2024-02-02,16.9221,18.0301,16.8263,17.6581,2665863.5,1706918399999,46380743.55601000,215121,1349971.10000000,23492887.41845000,0
2024-02-03,17.6626,18.5,17.5023,17.7362,2395132.7,1707004799999,43434055.98361000,193820,1205020.60000000,21854214.79775000,0
2024-02-04,17.7342,18.0,16.8,17.3668,2832798.6,1707091199999,49154114.43206000,187510,1401938.40000000,24323445.63192000,0
2024-02-05,17.3618,18.3371,17.218,17.7264,2747361.6,1707177599999,48927317.93181000,216003,1337782.70000000,23826718.12183000,0
2024-02-06,17.7239,18.0,17.0471,17.4448,2384404.5,1707263999999,41622237.52993000,178170,1222788.50000000,21346727.11949000,0
2024-02-07,17.4438,18.84,17.1401,18.8232,3263989.7,1707350399999,58641959.31530000,243842,1649114.50000000,29629090.58987000,0
2024-02-08,18.8209,20.6,18.7776,20.1489,5272304.7,1707436799999,104388174.95480000,382092,2702839.30000000,53510597.27607000,0
2024-02-09,20.149,20.9,19.4038,19.7443,3119385.8,1707523199999,62203769.14046000,268843,1605232.20000000,32030431.43251000,0
2024-02-10,19.733,21.1415,19.6643,19.8673,3097384.3,1707609599999,62739764.97827000,240693,1673179.00000000,33912036.99079000,0
2024-02-11,19.8727,20.121,19.2228,19.378,2174882.5,1707695999999,42929888.20936000,164510,1094301.10000000,21612900.29736000,0
2024-02-12,19.3751,20.038,18.74,19.6921,2705528.5,1707782399999,52527735.18748000,230495,1390994.10000000,27025126.17326000,0
2024-02-13,19.692,19.9043,18.6903,19.0864,2453935.2,1707868799999,47299190.04902000,209072,1265587.80000000,24388483.27188000,0
2024-02-14,19.084,19.6783,18.6331,19.2077,2678832.0,1707955199999,51371806.71179000,244415,1313559.00000000,25200314.45875000,0
2024-02-15,19.2059,19.4666,17.8201,18.2432,4402975.5,1708041599999,81837785.56709000,387131,2103711.70000000,39107886.07225000,0
2024-02-16,18.2432,18.72,17.6112,18.54,2652498.4,1708127999999,48304005.96345000,247708,1321504.20000000,24106542.19066000,0
2024-02-17,18.5475,19.2468,18.0029,18.4619,3088917.1,1708214399999,57567722.91490000,266517,1473846.50000000,27476117.43407000,0
2024-02-18,18.4613,19.2911,18.2418,18.6722,2234496.1,1708300799999,42139356.81749000,217890,1094794.20000000,20655578.10415000,0
2024-02-19,18.6722,19.1616,18.4704,18.7332,2664904.7,1708387199999,50079916.95043000,236239,1286923.90000000,24188512.68360000,0
2024-02-20,18.7333,18.8017,17.2,17.9584,3535229.2,1708473599999,63773796.72757000,278131,1639368.40000000,29615391.37588000,0
2024-02-21,17.9606,17.9842,16.6453,17.3606,3034268.0,1708559999999,51841605.30301000,279415,1427413.10000000,24369506.36830000,0
2024-02-22,17.3558,17.7852,16.8005,16.953,2313292.2,1708646399999,39824937.93535000,223486,1082155.50000000,18654561.28709000,0
2024-02-23,16.9528,17.2337,15.8,16.3593,2643018.4,1708732799999,43341514.57462000,260626,1305025.50000000,21395141.18149000,0
2024-02-24,16.3603,17.0858,16.0407,17.0529,1456099.1,1708819199999,24195070.15615000,140551,721038.50000000,11973972.42729000,0
2024-02-25,17.0526,17.4797,16.7186,16.7512,1576118.4,1708905599999,26896318.30717000,138988,733275.60000000,12516041.63190000,0
2024-02-26,16.75,17.5459,16.16,17.34,2464592.9,1708991999999,41673427.65889000,187652,1190229.10000000,20144203.52083000,0
2024-02-27,17.34,17.82,16.69,17.0,2370452.9,1709078399999,40800083.55702000,134895,1147475.40000000,19768398.34302000,0
2024-02-28,17.0,17.45,15.1083,16.5,5143109.3,1709164799999,85477939.31325000,275747,2498585.10000000,41559540.19312000,0
2024-02-29,16.49,18.2442,16.11,16.51,5939662.2,1709251199999,102878695.55007000,316182,2889128.30000000,50064509.51317000,0
2024-03-01,16.52,17.17,16.41,16.99,2225682.1,1709337599999,37255845.72300000,116696,1033891.60000000,17311479.76900000,0
2024-03-02,16.99,17.12,16.31,16.75,2452972.4,1709423999999,40852615.65800000,132592,1176939.00000000,19596147.00200000,0
2024-03-03,16.75,16.86,15.0,16.39,2876728.9,1709510399999,46968621.14436000,153159,1341914.90000000,21929474.63276000,0
2024-03-04,16.39,16.55,15.11,15.65,4095801.7,1709596799999,64623504.10800000,195026,1970770.10000000,31090728.14600000,0
2024-03-05,15.65,17.46,14.12,15.57,10458005.6,1709683199999,169357843.84445000,484342,4940067.80000000,80056504.92610000,0
2024-03-06,15.57,16.34,14.92,16.23,3765591.1,1709769599999,59055112.68900000,175804,1840518.10000000,28900098.52000000,0
2024-03-07,16.23,16.9,15.85,16.69,4042241.4,1709855999999,65992439.07100000,190614,2156000.90000000,35204596.59800000,0
2024-03-08,16.7,17.3,15.82,16.16,4119234.3,1709942399999,68021317.02800000,204173,2061104.50000000,34070354.85800000,0
2024-03-09,16.17,17.71,16.02,16.68,3681292.0,1710028799999,62816713.43088000,168042,1742796.00000000,29750860.14988000,0
2024-03-10,16.69,17.3,15.61,16.05,2941246.4,1710115199999,48311359.38200000,130975,1443739.60000000,23743548.07400000,0
2024-03-11,16.05,16.59,15.2,16.52,3502310.6,1710201599999,56176495.82200000,162207,1733028.00000000,27800232.17200000,0
2024-03-12,16.52,18.5,16.0,17.94,11841505.3,1710287999999,205608645.55998000,548468,6077404.30000000,105613108.00198000,0
2024-03-13,17.94,18.34,16.87,17.24,4662934.8,1710374399999,81384111.88000000,199313,2290040.10000000,39972878.07800000,0
2024-03-14,17.25,17.78,15.7,16.52,4389136.7,1710460799999,73727349.29700000,223108,2093952.20000000,35199010.18200000,0
2024-03-15,16.52,16.84,14.04,15.35,6338611.0,1710547199999,96173686.50013000,304889,3134929.00000000,47611605.97000000,0
2024-03-16,15.35,16.1,13.21,13.75,5567018.1,1710633599999,81793226.87857000,238809,2715644.50000000,39896326.46190000,0
2024-03-17,13.76,14.77,13.01,14.19,4209199.3,1710719999999,58647074.99147000,160955,2254072.10000000,31456350.23750000,0
2024-03-18,14.19,14.29,12.78,12.9,3504780.5,1710806399999,47142863.56600000,139601,1703756.40000000,22897664.06600000,0
2024-03-19,12.89,14.89,11.53,13.76,9751653.5,1710892799999,128543311.34111000,361062,4896722.80000000,64553225.42273000,0
2024-03-20,13.75,15.07,12.51,14.83,6225977.3,1710979199999,85278560.78100000,230812,3177102.50000000,43617091.31300000,0
2024-03-21,14.82,15.4,14.3,14.8,3722205.4,1711065599999,55296844.24300000,184410,1834375.40000000,27261110.40400000,0
2024-03-22,14.8,14.86,13.35,13.8,2955923.3,1711151999999,41617122.82300000,132036,1362960.20000000,19186359.26000000,0
2024-03-23,13.79,13.97,13.29,13.35,2361313.5,1711238399999,32074724.79600000,85433,1152750.70000000,15670646.66200000,0
2024-03-24,13.36,13.75,13.09,13.65,1855241.1,1711324799999,24871402.44200000,70703,1014414.20000000,13611861.08600000,0
2024-03-25,13.66,14.57,13.47,14.08,2575155.9,1711411199999,36014114.03000000,99697,1274938.60000000,17828974.65000000,0
2024-03-26,14.09,14.78,13.58,13.87,2463774.4,1711497599999,34801254.47000000,105552,1226025.80000000,17332911.42200000,0
2024-03-27,13.87,14.36,13.42,13.94,3845000.4,1711583999999,53577369.83900000,161925,1969779.40000000,27455490.19900000,0
2024-03-28,13.94,14.5,13.6,14.17,2932407.7,1711670399999,41198097.60200000,150684,1441750.10000000,20264126.38800000,0
2024-03-29,14.17,15.53,14.01,15.24,5261607.9,1711756799999,78386780.53700000,218061,2734886.90000000,40763314.07600000,0
2024-03-30,15.24,15.3,14.37,14.45,1910772.8,1711843199999,28140178.66200000,85246,870807.40000000,12824760.79700000,0
2024-03-31,14.44,14.92,14.18,14.32,1926599.1,1711929599999,27922423.39300000,75199,964062.80000000,13975740.95200000,0
2024-04-01,14.31,14.49,12.78,13.16,3391554.4,1712015999999,45814888.04800000,141713,1595056.10000000,21534019.03400000,0
2024-04-02,13.15,13.23,12.0,12.06,3524345.5,1712102399999,43661572.89200000,139626,1768292.60000000,21919157.34000000,0
2024-04-03,12.07,12.48,11.6,11.95,2426823.4,1712188799999,29400045.52200000,103531,1160740.20000000,14073445.71500000,0
2024-04-04,11.94,12.68,11.61,12.31,2406067.5,1712275199999,29303387.39000000,96007,1222153.30000000,14916339.97100000,0
2024-04-05,12.31,12.31,11.36,11.83,2476407.2,1712361599999,29180077.35038000,79494,1205187.30000000,14204277.31600000,0
2024-04-06,11.83,12.2,11.72,12.04,1404607.9,1712447999999,16880324.09800000,40006,773014.90000000,9293131.83600000,0
2024-04-07,12.04,12.33,12.0,12.22,1313581.2,1712534399999,16011721.00200000,37588,679501.80000000,8283727.74900000,0
2024-04-08,12.21,12.88,11.87,12.48,2965347.1,1712620799999,36854055.23900000,83726,1451987.20000000,18051069.20900000,0
2024-04-09,12.47,12.53,11.45,11.56,2648702.2,1712707199999,31651412.30500000,81423,1251452.50000000,14971689.54100000,0
2024-04-10,11.55,11.66,10.78,11.43,2240261.3,1712793599999,25243668.19358000,77267,1069710.10000000,12053968.37300000,0
2024-04-11,11.43,11.44,10.79,10.88,2231453.1,1712879999999,24672312.54000000,68182,1078460.70000000,11924376.78200000,0
2024-04-12,10.89,11.22,7.56,8.83,8259697.1,1712966399999,78322800.41107000,243802,4072807.20000000,38648895.56820000,0
2024-04-13,8.82,10.4,7.28,10.04,16563764.0,1713052799999,150416297.06017000,441840,8351800.00000000,76036863.08300000,0
2024-04-14,10.03,11.78,9.32,10.57,16995880.1,1713139199999,179448162.90000000,431513,8540030.00000000,90211634.29800000,0
2024-04-15,10.57,10.64,9.2,9.77,6854653.2,1713225599999,68477142.14800000,202417,3363877.90000000,33634350.72300000,0
2024-04-16,9.77,11.59,9.61,11.33,10247214.7,1713311999999,107497723.02300000,300251,5157511.20000000,54204341.37800000,0
2024-04-17,11.33,11.48,9.9,9.92,6504912.7,1713398399999,68697515.10600000,184019,3420472.70000000,36164319.11800000,0
2024-04-18,9.93,10.21,9.36,10.19,4781610.7,1713484799999,46919167.42400000,125499,2384516.80000000,23409643.30300000,0
2024-04-19,10.19,11.73,9.28,10.72,8409774.3,1713571199999,90169810.96800000,248364,4216316.80000000,45294462.60200000,0
2024-04-20,10.71,12.11,10.63,11.94,4733769.6,1713657599999,54752140.37500000,151146,2405882.00000000,27825128.36100000,0
2024-04-21,11.94,12.44,11.29,11.53,4143398.7,1713743999999,48821222.17400000,137027,1961907.50000000,23171528.50500000,0
2024-04-22,11.52,11.81,11.31,11.44,3081794.2,1713830399999,35634219.42200000,103091,1537851.50000000,17792587.08700000,0
2024-04-23,11.45,12.2,10.84,12.01,4303520.1,1713916799999,49129454.07400000,122430,2187881.90000000,24991087.35400000,0
2024-04-24,12.02,12.26,10.88,11.06,3867686.0,1714003199999,44689994.36400000,126898,1759206.50000000,20339353.11200000,0
2024-04-25,11.06,11.15,10.56,10.68,2484022.5,1714089599999,26890704.06100000,86054,1179974.40000000,12782640.82900000,0
2024-04-26,10.67,10.71,10.23,10.53,1648178.2,1714175999999,17290222.31500000,59817,811566.20000000,8518558.63200000,0
2024-04-27,10.53,10.6,9.89,10.29,2225746.6,1714262399999,22498890.90100000,68941,1042393.20000000,10538872.77800000,0
2024-04-28,10.29,10.56,9.98,10.05,1125579.7,1714348799999,11633995.02000000,38017,540275.50000000,5593676.01500000,0
2024-04-29,10.05,10.18,9.37,9.76,3721314.92,1714435199999,35962034.92270000,101572,1792710.08000000,17306041.07220000,0
2024-04-30,9.77,9.88,8.92,9.47,3620084.67,1714521599999,34091950.89410000,110527,1716613.71000000,16184725.54630000,0
2024-05-01,9.48,10.03,8.92,9.71,3482066.54,1714607999999,32893186.97570000,118289,1730919.45000000,16373501.39740000,0
2024-05-02,9.7,10.37,9.34,10.14,2548669.48,1714694399999,25463995.89060000,78455,1259183.62000000,12583481.84550000,0
2024-05-03,10.14,10.47,9.74,10.13,3292166.18,1714780799999,33120496.28760000,85581,1705025.05000000,17167315.08120000,0
2024-05-04,10.12,10.3,9.97,10.04,1953823.94,1714867199999,19768630.82650000,50324,1004656.12000000,10172693.29880000,0
2024-05-05,10.04,10.82,9.79,10.24,2858133.94,1714953599999,29415927.28060000,91678,1473528.03000000,15180442.22010000,0
2024-05-06,10.25,10.69,10.04,10.21,2786161.87,1715039999999,28885629.99260000,93566,1396955.94000000,14494911.00590000,0
2024-05-07,10.2,10.34,9.43,9.46,3225250.34,1715126399999,31834824.70320000,102712,1521294.51000000,15012122.98520000,0
2024-05-08,9.45,9.68,9.29,9.39,2489338.38,1715212799999,23603440.32610000,74295,1271931.29000000,12064225.34530000,0
2024-05-09,9.38,9.72,9.25,9.63,1498142.17,1715299199999,14182227.34640000,54411,812402.97000000,7696519.08080000,0
2024-05-10,9.63,9.9,8.99,9.11,2506980.3,1715385599999,23763538.86430000,80560,1146795.25000000,10873570.17880000,0
2024-05-11,9.12,9.32,9.0,9.06,951714.37,1715471999999,8716426.91580000,39885,424637.05000000,3889990.18440000,0
2024-05-12,9.05,9.28,8.98,9.14,817773.76,1715558399999,7461572.79050000,26539,406197.44000000,3708947.81300000,0
2024-05-13,9.14,9.39,8.63,8.94,2591354.98,1715644799999,23364514.77110000,80444,1252459.83000000,11303783.02450000,0
2024-05-14,8.93,8.98,8.14,8.15,1758706.79,1715731199999,14987208.78050000,62817,852961.69000000,7265378.49610000,0
2024-05-15,8.16,9.16,8.0,8.91,3320497.76,1715817599999,28499866.34470000,97360,1721752.26000000,14789842.36620000,0
2024-05-16,8.91,9.25,8.61,8.98,2209304.3,1715903999999,19733547.54720000,65413,1079216.90000000,9648243.60540000,0
2024-05-17,8.97,9.86,8.89,9.47,3261328.39,1715990399999,30557850.94730000,105717,1720396.19000000,16127634.53870000,0
2024-05-18,9.48,9.67,9.32,9.51,1568140.29,1716076799999,14882850.12270000,49555,781522.95000000,7422406.25990000,0
2024-05-19,9.52,9.6,8.71,8.82,1408577.46,1716163199999,12835776.03390000,50550,642829.27000000,5853052.61590000,0
2024-05-20,8.83,9.64,8.52,9.62,3830522.98,1716249599999,34574146.40090000,116676,1909580.84000000,17272489.17350000,0
2024-05-21,9.63,9.99,9.45,9.72,3751321.61,1716335999999,36291184.99690000,119246,1804075.52000000,17453186.92030000,0
2024-05-22,9.72,10.34,9.3,9.58,4244098.07,1716422399999,41467154.00500000,141665,2117819.82000000,20713976.99590000,0
2024-05-23,9.58,9.82,8.6,9.21,4113543.59,1716508799999,38574044.65630000,132622,2072267.69000000,19483201.92660000,0
2024-05-24,9.21,9.35,8.69,8.88,1767827.66,1716595199999,15862890.48960000,58453,864241.05000000,7753465.67770000,0
2024-05-25,8.88,9.16,8.84,9.1,1476518.82,1716681599999,13308698.83020000,37222,717928.40000000,6474230.43210000,0
2024-05-26,9.1,9.43,9.03,9.32,2360251.94,1716767999999,21745676.56020000,62451,1111455.29000000,10245152.66660000,0
2024-05-27,9.32,10.25,9.08,10.16,3096749.22,1716854399999,29610121.70480000,87102,1486298.99000000,14234992.84430000,0
2024-05-28,10.17,11.88,9.6,11.67,12894636.34,1716940799999,139487096.52790000,366872,6609370.19000000,71607791.98370000,0
2024-05-29,11.66,11.96,10.67,10.76,7491413.07,1717027199999,85061821.74390000,270107,3546956.08000000,40331305.20320000,0
2024-05-30,10.77,11.6,10.51,10.69,5637351.67,1717113599999,62428904.83730000,184532,2640553.62000000,29287984.59560000,0
2024-05-31,10.69,11.02,10.36,10.53,3044425.47,1717199999999,32383728.12300000,106010,1469960.84000000,15640653.24390000,0
2024-06-01,10.54,11.49,10.45,11.35,3033992.64,1717286399999,33268184.82580000,89334,1580583.43000000,17334590.50050000,0
2024-06-02,11.35,11.86,10.96,11.77,3282464.63,1717372799999,37331980.20980000,107902,1619385.41000000,18437630.78270000,0
2024-06-03,11.78,11.78,10.72,10.76,2918818.79,1717459199999,32472525.68310000,91404,1294283.06000000,14403491.03460000,0
2024-06-04,10.77,10.96,10.52,10.72,2142049.82,1717545599999,23039761.90460000,64287,1072720.79000000,11543797.68050000,0
2024-06-05,10.73,11.11,10.31,10.48,4364743.75,1717631999999,46538395.80760000,114162,2200515.57000000,23466845.01980000,0
2024-06-06,10.48,10.53,10.12,10.43,2234954.64,1717718399999,23206913.15160000,60341,1151821.25000000,11967321.47830000,0
2024-06-07,10.44,11.03,8.75,9.67,5675573.12,1717804799999,57670071.44360000,171173,2795989.98000000,28445624.48940000,0
2024-06-08,9.67,9.85,9.0,9.07,2703471.73,1717891199999,25495768.95950000,74365,1264115.65000000,11928243.57010000,0
2024-06-09,9.07,9.19,8.89,9.06,1676540.78,1717977599999,15207548.80830000,39447,795597.30000000,7221399.85070000,0
2024-06-10,9.07,9.35,8.83,8.98,2459376.96,1718063999999,22320200.84100000,64754,1211184.41000000,11000527.04650000,0
2024-06-11,8.98,9.16,8.3,8.42,4448032.7,1718150399999,38801572.36290000,117445,2113136.67000000,18446030.19720000,0
2024-06-12,8.43,9.06,8.13,8.71,5638350.4,1718236799999,48789644.41010000,127463,2913594.70000000,25221800.08190000,0
2024-06-13,8.71,8.77,7.79,7.86,3659791.34,1718323199999,29829193.67290000,97092,1821494.65000000,14850552.47300000,0
2024-06-14,7.87,8.07,7.31,7.64,3349260.16,1718409599999,25884716.42500000,87832,1683850.71000000,13029484.29250000,0
2024-06-15,7.65,7.87,7.6,7.67,1269612.76,1718495999999,9775823.01850000,30860,632919.32000000,4875431.35090000,0
2024-06-16,7.67,8.21,7.5,8.21,1677241.69,1718582399999,13196860.99540000,46661,882402.81000000,6951401.46110000,0
2024-06-17,8.21,8.34,7.06,7.26,4508802.62,1718668799999,34151039.74960000,103125,2141686.31000000,16207182.01510000,0
2024-06-18,7.26,7.29,6.0,6.41,7181831.54,1718755199999,46605783.11951000,153563,3495443.75000000,22672104.68390000,0
2024-06-19,6.41,6.65,6.29,6.53,4167062.76,1718841599999,27158567.46550000,83785,2190983.40000000,14286557.35240000,0
2024-06-20,6.53,6.81,6.24,6.37,3862780.7,1718927999999,25315433.76520000,78942,1918527.92000000,12588709.14960000,0
2024-06-21,6.37,6.64,6.25,6.41,3528143.52,1719014399999,22741729.56470000,72928,1729520.06000000,11145516.95490000,0
2024-06-22,6.42,6.42,6.21,6.33,1311631.96,1719100799999,8269591.77190000,30450,632263.81000000,3987088.02460000,0
2024-06-23,6.34,6.55,6.04,6.09,2118899.3,1719187199999,13373522.64600000,39258,970994.18000000,6132538.74210000,0
2024-06-24,6.09,6.75,5.73,6.72,5627041.58,1719273599999,35193724.70363000,109130,2801988.89000000,17558241.48370000,0
2024-06-25,6.71,7.1,6.67,6.8,2827100.16,1719359999999,19463379.02610000,61341,1467714.58000000,10118241.80240000,0
2024-06-26,6.8,6.87,6.31,6.43,2833930.2,1719446399999,18586693.20710000,50677,1365144.76000000,8944597.33440000,0
2024-06-27,6.43,6.534,6.226,6.313,4878027.85,1719532799999,31005667.41756000,164780,2630068.90000000,16726237.63531000,0
2024-06-28,6.313,6.498,6.026,6.067,2177282.78,1719619199999,13673754.01630000,110505,1162895.13000000,7310567.08354000,0
2024-06-29,6.068,6.306,6.005,6.044,1968924.3,1719705599999,12136297.34184000,87045,1005612.59000000,6198200.07594000,0
2024-06-30,6.044,6.29,5.987,6.201,2226315.32,1719791999999,13678277.96943000,105559,1094787.86000000,6729203.52022000,0
2024-07-01,6.201,6.33,5.638,5.807,4895059.79,1719878399999,28994201.59475000,181420,2392723.88000000,14158153.59986000,0
2024-07-02,5.807,5.984,5.731,5.825,2359250.03,1719964799999,13790179.48200000,85650,1156115.60000000,6761388.43044000,0
2024-07-03,5.826,5.951,5.28,5.307,3939143.04,1720051199999,22135948.78628000,141505,1821519.22000000,10231820.54405000,0
2024-07-04,5.308,5.334,4.73,4.905,5425094.93,1720137599999,27140098.59327000,180091,2634486.93000000,13199410.97356000,0
2024-07-05,4.905,5.059,4.141,4.818,8874777.95,1720223999999,40935434.98292000,312085,4544804.86000000,20969361.85163000,0
2024-07-06,4.819,5.632,4.761,5.596,5536578.49,1720310399999,29405288.98718000,256131,2912101.85000000,15445805.43478000,0
2024-07-07,5.596,5.597,5.059,5.087,3275376.81,1720396799999,17346205.29633000,157838,1524070.77000000,8068033.35053000,0
2024-07-08,5.088,6.301,4.888,6.057,9138773.67,1720483199999,52998994.43056000,449705,4555492.71000000,26436635.79838000,0
2024-07-09,6.057,7.365,5.968,7.252,10630352.17,1720569599999,70505316.97212000,590797,5452797.81000000,36163637.38093000,0
2024-07-10,7.252,7.436,6.57,6.829,6630924.02,1720655999999,46152775.83737000,405893,3207771.74000000,22337392.93867000,0
2024-07-11,6.831,7.233,6.29,6.44,5627462.57,1720742399999,38249105.29637000,365801,2677756.83000000,18221494.07451000,0
2024-07-12,6.439,6.727,6.222,6.367,4482385.46,1720828799999,28971036.70809000,271576,2142437.46000000,13851990.07440000,0
2024-07-13,6.367,6.487,6.027,6.087,3559559.1,1720915199999,22163325.69914000,175854,1749539.39000000,10892221.68766000,0
2024-07-14,6.087,6.411,6.076,6.324,3603039.49,1721001599999,22474695.52227000,152123,1785722.11000000,11145069.52906000,0
2024-07-15,6.323,6.984,6.261,6.847,6197244.33,1721087999999,40498809.49074000,294107,3186097.32000000,20834590.84025000,0
2024-07-16,6.848,6.888,6.3,6.614,4634118.58,1721174399999,30554296.65427000,236218,2199597.55000000,14513310.66296000,0
2024-07-17,6.615,6.757,6.267,6.281,4896039.17,1721260799999,31984999.08366000,276555,2365755.36000000,15465270.00808000,0
2024-07-18,6.28,6.517,5.97,6.195,3199765.23,1721347199999,20072786.80583000,180733,1533656.21000000,9643624.57525000,0
2024-07-19,6.195,6.465,6.038,6.412,2972252.36,1721433599999,18546343.63195000,165899,1477083.84000000,9215617.26440000,0
2024-07-20,6.413,6.804,6.312,6.534,3500825.88,1721519999999,23074542.35141000,159605,1711387.80000000,11275308.18803000,0
2024-07-21,6.534,7.407,6.291,7.29,4540107.09,1721606399999,30606627.62313000,208495,2376175.47000000,16066642.81050000,0
2024-07-22,7.29,7.66,7.073,7.229,8206908.03,1721692799999,60622149.41154000,403895,4077555.30000000,30158959.01697000,0
2024-07-23,7.228,7.314,6.355,6.407,4720736.76,1721779199999,32189331.42819000,267587,2217690.55000000,15122093.79763000,0
2024-07-24,6.407,6.503,5.947,5.984,3510679.68,1721865599999,22192651.98104000,165221,1580679.65000000,10001398.63036000,0
2024-07-25,5.983,5.983,5.409,5.714,5403010.27,1721951999999,30862712.69799000,237076,2726255.59000000,15543245.42739000,0
2024-07-26,5.715,6.049,5.689,5.992,2912829.47,1722038399999,17094162.19419000,124482,1436440.98000000,8427310.31414000,0
2024-07-27,5.991,6.1,5.661,5.882,2343158.9,1722124799999,13846298.96335000,121860,1072058.13000000,6340375.88297000,0
2024-07-28,5.881,5.881,5.564,5.681,1746880.95,1722211199999,9955280.92274000,76880,822658.08000000,4686428.06723000,0
2024-07-29,5.682,5.913,5.448,5.569,2828109.4,1722297599999,16094202.54423000,133591,1341115.35000000,7634662.83956000,0
2024-07-30,5.57,5.745,5.259,5.427,2235987.37,1722383999999,12369433.30576000,131697,1107356.79000000,6129184.43330000,0
2024-07-31,5.428,5.532,5.245,5.269,2504154.87,1722470399999,13550188.46526000,95204,1218752.22000000,6595581.39416000,0
2024-08-01,5.269,5.675,5.033,5.585,4613129.08,1722556799999,24718205.58285000,187884,2320581.54000000,12458294.38755000,0
2024-08-02,5.585,5.639,5.02,5.326,6569206.56,1722643199999,34851942.02330000,264170,3334283.12000000,17659326.65394000,0
2024-08-03,5.327,5.552,4.899,4.965,5134568.55,1722729599999,26928345.92906000,189909,2380482.83000000,12504741.15762000,0
2024-08-04,4.966,5.298,4.577,4.72,4679189.91,1722815999999,22996051.01566000,181247,2191306.75000000,10772982.93227000,0
2024-08-05,4.72,5.301,3.9,4.741,16019247.45,1722902399999,73769858.94424000,741130,7758567.65000000,35707742.41089000,0
2024-08-06,4.741,5.161,4.709,4.979,5119655.8,1722988799999,25433870.37538000,267621,2548638.54000000,12670225.60076000,0
2024-08-07,4.979,5.102,4.455,4.525,4248495.88,1723075199999,20406929.65618000,195864,1944028.82000000,9326258.53642000,0
2024-08-08,4.526,5.7,4.47,5.659,9258638.95,1723161599999,45290857.75076000,255872,4706267.31000000,23097917.34686000,0
2024-08-09,5.66,5.798,5.418,5.602,8077642.07,1723247999999,45397054.76898000,263855,3934959.68000000,22132507.86440000,0
2024-08-10,5.602,6.249,5.517,5.876,7420170.14,1723334399999,43005830.19778000,251067,3685678.34000000,21361434.48783000,0
2024-08-11,5.878,5.878,5.105,5.124,4023070.87,1723420799999,22081207.33088000,124995,1852586.19000000,10160419.71818000,0
2024-08-12,5.123,6.056,5.07,5.864,6872178.45,1723507199999,38885116.78212000,266451,3437012.81000000,19461380.46949000,0
2024-08-13,5.865,6.425,5.533,6.196,5378443.15,1723593599999,32348886.17461000,248012,2710733.83000000,16288344.36699000,0
2024-08-14,6.197,6.232,5.68,5.682,5598649.18,1723679999999,33650038.40988000,253195,2607474.66000000,15714578.56939000,0
2024-08-15,5.683,5.911,5.311,5.381,6372724.34,1723766399999,35670341.48218000,249551,3058952.80000000,17146780.64744000,0
2024-08-16,5.381,5.57,4.985,5.152,5042924.29,1723852799999,26261266.75479000,182189,2389462.17000000,12426206.87604000,0
2024-08-17,5.153,5.2,5.009,5.126,2972727.1,1723939199999,15174832.07755000,99470,1449225.53000000,7402076.31014000,0
2024-08-18,5.127,5.264,4.987,4.997,2897709.1,1724025599999,14898782.33037000,105221,1350443.29000000,6946830.33190000,0
2024-08-19,4.998,5.032,4.765,5.015,3667612.84,1724111999999,17959417.09357000,114422,1848652.12000000,9059674.51184000,0
2024-08-20,5.015,5.202,4.912,4.996,3698855.71,1724198399999,18736785.56018000,129729,1736033.65000000,8799446.61552000,0
2024-08-21,4.995,5.225,4.89,5.156,3657628.29,1724284799999,18563661.93583000,204315,1814459.48000000,9216727.50110000,0
2024-08-22,5.155,5.299,5.117,5.275,2802126.01,1724371199999,14591920.97814000,153971,1368119.68000000,7129449.29438000,0
2024-08-23,5.276,5.947,5.264,5.93,6324302.42,1724457599999,35498512.19418000,325700,3149376.17000000,17677527.21474000,0
2024-08-24,5.93,6.194,5.852,6.049,3720365.96,1724543999999,22422652.83949000,229350,1772424.09000000,10685287.64109000,0
2024-08-25,6.049,6.052,5.651,5.696,3872145.9,1724630399999,22384832.72892000,211053,1723628.75000000,9968140.18734000,0
2024-08-26,5.696,5.789,5.411,5.411,3698811.68,1724716799999,20658287.72765000,244046,1699953.19000000,9502340.26811000,0
2024-08-27,5.411,5.581,4.902,5.013,5302191.31,1724803199999,27673328.48238000,298212,2572418.18000000,13430402.49067000,0
2024-08-28,5.012,5.144,4.614,4.774,5541286.22,1724889599999,27102827.19580000,335716,2718820.07000000,13304586.74911000,0
2024-08-29,4.775,4.96,4.553,4.606,3886394.89,1724975999999,18526463.18408000,236150,1930945.00000000,9225773.88458000,0
2024-08-30,4.604,4.711,4.224,4.513,5119551.64,1725062399999,22919888.88243000,219919,2493426.43000000,11169254.91964000,0
2024-08-31,4.513,4.624,4.366,4.487,1780428.91,1725148799999,8042433.04009000,59582,857418.26000000,3872892.65345000,0
2024-09-01,4.488,4.521,4.168,4.233,2388439.45,1725235199999,10466417.72436000,80363,1112371.89000000,4875733.61964000,0
2024-09-02,4.232,4.547,4.203,4.474,2820303.37,1725321599999,12397884.44276000,94604,1406419.93000000,6190829.54068000,0
2024-09-03,4.475,4.558,4.033,4.052,2656673.74,1725407999999,11387986.69818000,86286,1299141.57000000,5579496.48619000,0
2024-09-04,4.054,4.375,3.869,4.172,4985787.71,1725494399999,20715628.38096000,144089,2504042.21000000,10414514.98971000,0
